text,url
Nike Black Friday,https://www.nike.com/hu/en/w/black-friday-2phlm
Best Deals,https://www.nike.com/hu/en/w/sale-3yaep
Shop All Nike Black Friday,https://www.nike.com/hu/en/w/black-friday-2phlm
Best Sellers,https://www.nike.com/hu/en/w/black-friday-best-2phlmz76m50
Best in Jordan,https://www.nike.com/hu/en/w/black-friday-jordan-2phlmz37eef
Best in Lifestyle,https://www.nike.com/hu/en/w/black-friday-lifestyle-13jrmz2phlm
Best in Sports,https://www.nike.com/hu/en/w/black-friday-performance-2phlmz3k7dg
Black Friday Offers,https://www.nike.com/hu/en/w/black-friday-2phlm
Running Shoes,https://www.nike.com/hu/en/w/black-friday-running-shoes-2phlmz37v7jzy7ok
Gym Shoes,https://www.nike.com/hu/en/w/black-friday-training-gym-shoes-2phlmz58jtozy7ok
Football Boots,https://www.nike.com/hu/en/w/black-friday-football-shoes-1gdj0z2phlmzy7ok
Tracksuits,https://www.nike.com/hu/en/w/black-friday-tracksuits-1ll2wz2phlm
Coats & Jackets,https://www.nike.com/hu/en/w/black-friday-jackets-gilets-2phlmz50r7y
Sale for Men,https://www.nike.com/hu/en/w/mens-sale-3yaepznik1
Shop All Men,https://www.nike.com/hu/en/w/mens-black-friday-2phlmznik1
Shoes,https://www.nike.com/hu/en/w/mens-black-friday-shoes-2phlmznik1zy7ok
Clothing,https://www.nike.com/hu/en/w/mens-black-friday-clothing-2phlmz6ymx6znik1
Accessories,https://www.nike.com/hu/en/w/mens-black-friday-accessories-equipment-2phlmzawwpwznik1
Sale for Women,https://www.nike.com/hu/en/w/womens-sale-3yaepz5e1x6
Shop All Women,https://www.nike.com/hu/en/w/womens-black-friday-2phlmz5e1x6
Shoes,https://www.nike.com/hu/en/w/womens-black-friday-shoes-2phlmz5e1x6zy7ok
Clothing,https://www.nike.com/hu/en/w/womens-black-friday-clothing-2phlmz5e1x6z6ymx6
Accessories,https://www.nike.com/hu/en/w/womens-black-friday-accessories-equipment-2phlmz5e1x6zawwpw
Sale for Kids,https://www.nike.com/hu/en/w/kids-sale-3yaepzv4dh
Shop All Kids,https://www.nike.com/hu/en/w/kids-black-friday-2phlmzv4dh
Shoes,https://www.nike.com/hu/en/w/kids-black-friday-shoes-2phlmzv4dhzy7ok
Clothing,https://www.nike.com/hu/en/w/kids-black-friday-clothing-2phlmz6ymx6zv4dh
Accessories,https://www.nike.com/hu/en/w/kids-black-friday-accessories-equipment-2phlmzawwpwzv4dh
New,https://www.nike.com/hu/en/w/new-3n82y
New,https://www.nike.com/hu/en/w/new-3n82y
Shop All New Arrivals,https://www.nike.com/hu/en/w/new-3n82y
Best Sellers,https://www.nike.com/hu/en/w/best-76m50
Best for Winter Wear,https://www.nike.com/hu/en/w/cold-weather-7t42q
Highlights,https://www.nike.com/hu/en/w/new-just-in-3apgqz3n82y
Jordan: Coldest in the Game,https://www.nike.com/hu/en/w/coldest-in-the-game-4l26y
ACG Essentials,https://www.nike.com/hu/en/w/acg-93bsd
Shox: Style it Like Them,https://www.nike.com/hu/en/w/retro-running-8kemk
New in Football: Nike United,https://www.nike.com/hu/en/w/nike-united-2n0uw
Trending,https://www.nike.com/hu/en/w/best-76m50
Gifts for Everyone,https://www.nike.com/hu/en/w/gifts-3b0uf
Running Gifts,https://www.nike.com/hu/en/w/gifts-running-37v7jz3b0uf
Sportswear Gifts,https://www.nike.com/hu/en/w/gifts-sportswear-3b0ufz43h4u
Gym Gifts,https://www.nike.com/hu/en/w/gifts-training-gym-3b0ufz58jto
Football Gifts,https://www.nike.com/hu/en/w/gifts-football-1gdj0z3b0uf
Golf Gifts,https://www.nike.com/hu/en/w/gifts-golf-23q9wz3b0uf
Men,https://www.nike.com/hu/en/men
Highlights,https://www.nike.com/hu/en/w/new-mens-3n82yznik1
Nike Black Friday,https://www.nike.com/hu/en/w/mens-black-friday-2phlmznik1
New in Men,https://www.nike.com/hu/en/w/new-mens-3n82yznik1
Best Sellers,https://www.nike.com/hu/en/w/mens-best-76m50znik1
Shox: Style it Like Them,https://www.nike.com/hu/en/w/mens-retro-running-8kemkznik1
New in Football: Nike United,https://www.nike.com/hu/en/w/mens-nike-united-2n0uwznik1
Best for Winter Wear,https://www.nike.com/hu/en/w/mens-cold-weather-7t42qznik1
Shoes,https://www.nike.com/hu/en/w/mens-shoes-nik1zy7ok
All Shoes,https://www.nike.com/hu/en/w/mens-shoes-nik1zy7ok
Lifestyle,https://www.nike.com/hu/en/w/mens-lifestyle-shoes-13jrmznik1zy7ok
Jordan,https://www.nike.com/hu/en/w/mens-jordan-shoes-37eefznik1zy7ok
Running,https://www.nike.com/hu/en/w/mens-running-shoes-37v7jznik1zy7ok
Football,https://www.nike.com/hu/en/w/mens-football-shoes-1gdj0znik1zy7ok
Basketball,https://www.nike.com/hu/en/w/mens-basketball-shoes-3glsmznik1zy7ok
Training and Gym,https://www.nike.com/hu/en/w/mens-training-gym-shoes-58jtoznik1zy7ok
Skateboarding,https://www.nike.com/hu/en/w/mens-skateboarding-shoes-8mfrfznik1zy7ok
Custom Shoes,https://www.nike.com/hu/en/w/mens-nike-by-you-shoes-6ealhznik1zy7ok
Clothing,https://www.nike.com/hu/en/w/mens-clothing-6ymx6znik1
All Clothing,https://www.nike.com/hu/en/w/mens-clothing-6ymx6znik1
Hoodies and Sweatshirts,https://www.nike.com/hu/en/w/mens-hoodies-sweatshirts-6riveznik1
Trousers and Tights,https://www.nike.com/hu/en/w/mens-trousers-tights-2kq19znik1
Tracksuits,https://www.nike.com/hu/en/w/mens-tracksuits-1ll2wznik1
Jackets,https://www.nike.com/hu/en/w/mens-jackets-gilets-50r7yznik1
Tops and T-Shirts,https://www.nike.com/hu/en/w/mens-tops-t-shirts-9om13znik1
Shorts,https://www.nike.com/hu/en/w/mens-shorts-38fphznik1
Accessories,https://www.nike.com/hu/en/w/mens-accessories-equipment-awwpwznik1
Sport,https://www.nike.com/hu/en/w/mens-performance-3k7dgznik1
Women,https://www.nike.com/hu/en/women
Highlights,https://www.nike.com/hu/en/w/new-womens-3n82yz5e1x6
Nike Black Friday,https://www.nike.com/hu/en/w/womens-black-friday-2phlmz5e1x6
New in Women,https://www.nike.com/hu/en/w/new-womens-3n82yz5e1x6
Best Sellers,https://www.nike.com/hu/en/w/womens-best-5e1x6z76m50
Shox: Style it Like Them,https://www.nike.com/hu/en/w/womens-retro-running-5e1x6z8kemk
New in Football: Nike United,https://www.nike.com/hu/en/w/womens-nike-united-2n0uwz5e1x6
Best for Winter Wear,https://www.nike.com/hu/en/w/womens-cold-weather-5e1x6z7t42q
Shoes,https://www.nike.com/hu/en/w/womens-shoes-5e1x6zy7ok
All Shoes,https://www.nike.com/hu/en/w/womens-shoes-5e1x6zy7ok
Lifestyle,https://www.nike.com/hu/en/w/womens-lifestyle-shoes-13jrmz5e1x6zy7ok
Jordan,https://www.nike.com/hu/en/w/womens-jordan-shoes-37eefz5e1x6zy7ok
Running,https://www.nike.com/hu/en/w/womens-running-shoes-37v7jz5e1x6zy7ok
Training and Gym,https://www.nike.com/hu/en/w/womens-training-gym-shoes-58jtoz5e1x6zy7ok
Football,https://www.nike.com/hu/en/w/womens-football-shoes-1gdj0z5e1x6zy7ok
Custom Shoes,https://www.nike.com/hu/en/w/womens-nike-by-you-shoes-5e1x6z6ealhzy7ok
Clothing,https://www.nike.com/hu/en/w/womens-clothing-5e1x6z6ymx6
All Clothing,https://www.nike.com/hu/en/w/womens-clothing-5e1x6z6ymx6
Hoodies and Sweatshirts,https://www.nike.com/hu/en/w/womens-hoodies-sweatshirts-5e1x6z6rive
Trousers,https://www.nike.com/hu/en/w/womens-trousers-tights-2kq19z5e1x6
Leggings,https://www.nike.com/hu/en/w/womens-tights-leggings-29sh2z5e1x6
Matching Sets,https://www.nike.com/hu/en/w/womens-matching-sets-2lukpz5e1x6
Jackets,https://www.nike.com/hu/en/w/womens-jackets-gilets-50r7yz5e1x6
Tops and T-Shirts,https://www.nike.com/hu/en/w/womens-tops-t-shirts-5e1x6z9om13
Shorts,https://www.nike.com/hu/en/w/womens-shorts-38fphz5e1x6
Sports Bras,https://www.nike.com/hu/en/w/womens-sports-bras-40qgmz5e1x6
Accessories,https://www.nike.com/hu/en/w/womens-accessories-equipment-5e1x6zawwpw
Sport,https://www.nike.com/hu/en/w/womens-performance-3k7dgz5e1x6
Yoga,https://www.nike.com/hu/en/w/womens-yoga-5e1x6zanrlj
Highlights,https://www.nike.com/hu/en/w/new-kids-3n82yzv4dh
Nike Black Friday,https://www.nike.com/hu/en/w/kids-black-friday-2phlmzv4dh
New in Kids,https://www.nike.com/hu/en/w/new-kids-3n82yzv4dh
Best Sellers,https://www.nike.com/hu/en/w/kids-best-76m50zv4dh
Shox: Style it Like Them,https://www.nike.com/hu/en/w/kids-retro-running-8kemkzv4dh
Best for Winter Wear,https://www.nike.com/hu/en/w/kids-cold-weather-7t42qzv4dh
Shoes,https://www.nike.com/hu/en/w/kids-shoes-v4dhzy7ok
All Shoes,https://www.nike.com/hu/en/w/kids-shoes-v4dhzy7ok
Lifestyle,https://www.nike.com/hu/en/w/kids-lifestyle-shoes-13jrmzv4dhzy7ok
Jordan,https://www.nike.com/hu/en/w/kids-jordan-shoes-37eefzv4dhzy7ok
Football,https://www.nike.com/hu/en/w/kids-football-shoes-1gdj0zv4dhzy7ok
Running,https://www.nike.com/hu/en/w/kids-running-shoes-37v7jzv4dhzy7ok
Basketball,https://www.nike.com/hu/en/w/kids-basketball-shoes-3glsmzv4dhzy7ok
Physical Education,https://www.nike.com/hu/en/w/kids-performance-shoes-3k7dgzv4dhzy7ok
Clothing,https://www.nike.com/hu/en/w/kids-clothing-6ymx6zv4dh
All Clothing,https://www.nike.com/hu/en/w/kids-clothing-6ymx6zv4dh
Hoodies and Sweatshirts,https://www.nike.com/hu/en/w/kids-hoodies-sweatshirts-6rivezv4dh
Trousers and Leggings,https://www.nike.com/hu/en/w/kids-trousers-tights-2kq19zv4dh
Jackets,https://www.nike.com/hu/en/w/kids-jackets-gilets-50r7yzv4dh
Tracksuits,https://www.nike.com/hu/en/w/kids-tracksuits-1ll2wzv4dh
Tops and T-Shirts,https://www.nike.com/hu/en/w/kids-tops-t-shirts-9om13zv4dh
Shorts,https://www.nike.com/hu/en/w/kids-shorts-38fphzv4dh
Sports Bras,https://www.nike.com/hu/en/w/kids-sports-bras-40qgmzv4dh
Accessories,https://www.nike.com/hu/en/w/kids-accessories-equipment-awwpwzv4dh
Kids by age,https://www.nike.com/hu/en/w/kids-v4dh
Teens (13 - 17 years),https://www.nike.com/hu/en/w/teen-collection-6hgue
Older Kids (7 - 12 years),https://www.nike.com/hu/en/w/older-kids-agibjzv4dh
Younger Kids (3 - 7 years),https://www.nike.com/hu/en/w/little-kids-6dacezv4dh
Baby & Toddler (0 - 3 years),https://www.nike.com/hu/en/w/baby-toddlers-kids-2j488zv4dh
Sport,https://www.nike.com/hu/en/w/kids-performance-3k7dgzv4dh
Running,https://www.nike.com/hu/en/w/kids-running-37v7jzv4dh
Football,https://www.nike.com/hu/en/w/kids-football-1gdj0zv4dh
Basketball,https://www.nike.com/hu/en/w/kids-basketball-3glsmzv4dh
Physical Education,https://www.nike.com/hu/en/w/kids-training-gym-58jtozv4dh
Highlights,https://www.nike.com/hu/en/w/new-performance-3k7dgz3n82y
Nike Black Friday,https://www.nike.com/hu/en/w/black-friday-performance-2phlmz3k7dg
New In Sport,https://www.nike.com/hu/en/w/new-performance-3k7dgz3n82y
Best Sellers,https://www.nike.com/hu/en/w/best-performance-3k7dgz76m50
Jordan Sport,https://www.nike.com/hu/en/w/jordan-performance-37eefz3k7dg
Hybrid Training,https://www.nike.com/hu/en/w/hybrid-training-7fx1n
All Running,https://www.nike.com/hu/en/w/running-37v7j
Shoes,https://www.nike.com/hu/en/w/running-shoes-37v7jzy7ok
Clothing,https://www.nike.com/hu/en/w/running-clothing-37v7jz6ymx6
Accessories,https://www.nike.com/hu/en/w/running-accessories-equipment-37v7jzawwpw
All Football,https://www.nike.com/hu/en/w/football-1gdj0
Shoes,https://www.nike.com/hu/en/w/football-shoes-1gdj0zy7ok
Clothing,https://www.nike.com/hu/en/w/football-clothing-1gdj0z6ymx6
Accessories,https://www.nike.com/hu/en/w/football-accessories-equipment-1gdj0zawwpw
All Training and Gym,https://www.nike.com/hu/en/w/training-gym-58jto
Shoes,https://www.nike.com/hu/en/w/training-gym-shoes-58jtozy7ok
Clothing,https://www.nike.com/hu/en/w/training-gym-clothing-58jtoz6ymx6
Accessories,https://www.nike.com/hu/en/w/training-gym-accessories-equipment-58jtozawwpw
More Sports,https://www.nike.com/hu/en/w/performance-3k7dg
All Sport,https://www.nike.com/hu/en/w/performance-3k7dg
Yoga,https://www.nike.com/hu/en/w/yoga-anrlj
Shop,https://www.nike.com/hu/en/w/black-friday-2phlm
Shop,https://www.nike.com/hu/en/w/black-friday-2phlm
Shop Men's,https://www.nike.com/hu/en/w/mens-black-friday-2phlmznik1
Shop Women's,https://www.nike.com/hu/en/w/womens-black-friday-2phlmz5e1x6
Shop Kids',https://www.nike.com/hu/en/w/kids-black-friday-2phlmzv4dh
Shop,https://www.nike.com/hu/en/w/lifestyle-shoes-13jrmzy7ok
Shop,https://www.nike.com/hu/en/w/cold-weather-7t42q
Shop,https://www.nike.com/hu/en/w/performance-3k7dg
Shop,https://www.nike.com/hu/en/w/jordan-37eef
Shop Men's,https://www.nike.com/hu/en/w/mens-black-friday-2phlmznik1
Shop Women's,https://www.nike.com/hu/en/w/womens-black-friday-2phlmz5e1x6
Shop Kids',https://www.nike.com/hu/en/w/kids-black-friday-2phlmzv4dh
Shop,https://www.nike.com/hu/en/w/lifestyle-shoes-13jrmzy7ok
Shop,https://www.nike.com/hu/en/w/cold-weather-7t42q
Shop,https://www.nike.com/hu/en/w/performance-3k7dg
Shop,https://www.nike.com/hu/en/w/jordan-37eef
Air Force 1,https://www.nike.com/hu/en/w/air-force-1-shoes-5sj3yzy7ok
Air Max,https://www.nike.com/hu/en/w/air-max-shoes-a6d8hzy7ok
P-6000,https://www.nike.com/hu/en/w/nike-p-6000-shoes-4ff6czy7ok
Shox,https://www.nike.com/hu/en/w/shox-shoes-7e8jqzy7ok
Air Jordan,https://www.nike.com/hu/en/w/jordan-shoes-37eefzy7ok
Pegasus,https://www.nike.com/hu/en/w/pegasus-running-37v7jz5e1x6z8nexhznik1
Vomero,https://www.nike.com/hu/en/w/zoom-vomero-shoes-7gee1zy7ok
Metcon,https://www.nike.com/hu/en/w/metcon-shoes-3yxqszy7ok
Mercurial,https://www.nike.com/hu/en/w/mercurial-football-shoes-1gdj0z4f1bzy7ok
Black Running Shoes,https://www.nike.com/hu/en/w/black-running-shoes-37v7jz90poyzy7ok
White Running Shoes,https://www.nike.com/hu/en/w/white-running-shoes-37v7jz4g797zy7ok
Nike P-6000,https://www.nike.com/hu/en/w/nike-p-6000-shoes-4ff6czy7ok
Nike Initiator Shoes,https://www.nike.com/hu/en/w/nike-initiator-shoes-7ji49zy7ok
V2K Run Trainers,https://www.nike.com/hu/en/w/nike-v2k-shoes-3picezy7ok
Nike Shox,https://www.nike.com/hu/en/w/shox-shoes-7e8jqzy7ok
Nike Waffle Trainers,https://www.nike.com/hu/en/w/nike-waffle-shoes-2wk64zy7ok
Nike Cortez,https://www.nike.com/hu/en/w/cortez-shoes-byfxzy7ok
Nike Vomero,https://www.nike.com/hu/en/w/zoom-vomero-shoes-7gee1zy7ok
Black Trainers,https://www.nike.com/hu/en/w/black-shoes-90poyzy7ok
Nike Motiva Shoes,https://www.nike.com/hu/en/w/nike-motiva-shoes-4tmb6zy7ok
Nike Black Friday Shoes,https://www.nike.com/hu/en/w/black-friday-shoes-2phlmzy7ok
Nike Cyber Monday Shoes,https://www.nike.com/hu/en/w/cyber-monday-shoes-pqs2zy7ok
Shoe Gifts,https://www.nike.com/hu/en/w/gifts-shoes-3b0ufzy7ok
Yoga Trousers,https://www.nike.com/hu/en/w/yoga-trousers-tights-2kq19zanrlj
Tech Fleece Joggers,https://www.nike.com/hu/en/w/tech-fleece-joggers-sweatpants-6sipkzaepf0
Tech Fleece,https://www.nike.com/hu/en/w/tech-fleece-clothing-6sipkz6ymx6
Clothing Gifts,https://www.nike.com/hu/en/w/gifts-clothing-3b0ufz6ymx6
Nike Black Friday Clothing,https://www.nike.com/hu/en/w/black-friday-clothing-2phlmz6ymx6
Nike Black Friday Hoodies,https://www.nike.com/hu/en/w/black-friday-hoodies-sweatshirts-2phlmz6rive
Nike Black Friday Jackets,https://www.nike.com/hu/en/w/black-friday-jackets-gilets-2phlmz50r7y
Girls' Black Shoes,https://www.nike.com/hu/en/w/girls-black-shoes-3aqegz90poyzy7ok
Kids' Black Shoes,https://www.nike.com/hu/en/w/kids-black-shoes-90poyzv4dhzy7ok
Football Club Teams,https://www.nike.com/hu/en/w/club-football-teams-6fu9q
Football,https://www.nike.com/hu/en/w/football-1gdj0
Nike England,https://www.nike.com/hu/en/w/england-8p57d
Gift Ideas,https://www.nike.com/hu/en/w/gifts-3b0uf
Gifts Under £100,https://www.nike.com/hu/en/w/gifts-50-100-3b0ufz5hfwm
Gifts Under £50,https://www.nike.com/hu/en/w/gifts-under-50-3b0ufz4i9h
Nike By You Shoes,https://www.nike.com/hu/en/w/nike-by-you-shoes-6ealhzy7ok
Nike Black Friday,https://www.nike.com/hu/en/w/black-friday-2phlm
Nike Cyber Monday,https://www.nike.com/hu/en/w/cyber-monday-pqs2
